{
  "train": {
    "r2": -8081.66153687393,
    "mae": 100.65643310546875,
    "rmse": 167.22906494140625,
    "mape": 785.4231834411621,
    "nrmse": 89.90362548828125,
    "mean_error": 32.3411979675293,
    "median_error": 1.48045015335083,
    "std_error": 164.0719451904297,
    "pearson_corr": 0.5097858442852773
  },
  "validation": {
    "r2": -6332.522178457076,
    "mae": 128.2565460205078,
    "rmse": 169.12965393066406,
    "mape": 1099.0931510925293,
    "nrmse": 79.58343505859375,
    "mean_error": -58.967185974121094,
    "median_error": -98.87860870361328,
    "std_error": 158.5172119140625,
    "pearson_corr": 0.5276546861780341
  },
  "test": {
    "r2": -7120.156205611069,
    "mae": 147.4816436767578,
    "rmse": 166.6151123046875,
    "mape": 1247.987937927246,
    "nrmse": 84.3869400024414,
    "mean_error": -93.77616882324219,
    "median_error": -128.8292236328125,
    "std_error": 137.71937561035156,
    "pearson_corr": 0.6224655211975305
  },
  "test_loss": 27760.591796875,
  "test_mae": 147.48165893554688,
  "test_mape": 1247.988037109375
}